{
  "monthly_stats": {
    "202509": {
      "total_trades": 240,
      "wins": 128,
      "losses": 112,
      "win_rate": 53.333333333333336,
      "total_profit": 141.07000000000005,
      "avg_profit": 0.5877916666666668,
      "avg_win": 2.9596093749999994,
      "avg_loss": -2.1228571428571428,
      "actual_profit": 1410700.0
    },
    "202510": {
      "total_trades": 190,
      "wins": 92,
      "losses": 98,
      "win_rate": 48.421052631578945,
      "total_profit": 26.749999999999993,
      "avg_profit": 0.1407894736842105,
      "avg_win": 2.78554347826087,
      "avg_loss": -2.342040816326531,
      "actual_profit": 267500.0
    }
  },
  "win_loss_analysis": {
    "winning": {
      "total_count": 220,
      "close_reasons": {
        "익절": 166,
        "부분익절": 54
      },
      "hourly_distribution": {
        "9": 62,
        "10": 102,
        "11": 56
      },
      "top_stocks": [
        [
          "042520",
          5
        ],
        [
          "073010",
          4
        ],
        [
          "290650",
          4
        ],
        [
          "067310",
          4
        ],
        [
          "005690",
          4
        ],
        [
          "030530",
          4
        ],
        [
          "086520",
          4
        ],
        [
          "084990",
          3
        ],
        [
          "458870",
          3
        ],
        [
          "226950",
          3
        ]
      ],
      "avg_profit_rate": 2.8868181818181813
    },
    "losing": {
      "total_count": 210,
      "close_reasons": {
        "손절": 175,
        "부분익절": 35
      },
      "hourly_distribution": {
        "9": 41,
        "10": 107,
        "11": 62
      },
      "top_stocks": [
        [
          "054540",
          5
        ],
        [
          "090360",
          5
        ],
        [
          "381620",
          4
        ],
        [
          "078350",
          4
        ],
        [
          "332570",
          3
        ],
        [
          "226950",
          3
        ],
        [
          "067310",
          3
        ],
        [
          "044480",
          3
        ],
        [
          "042520",
          3
        ],
        [
          "084370",
          3
        ]
      ],
      "avg_profit_rate": -2.2251428571428566
    },
    "comparison": {
      "hourly_comparison": {
        "winning": {
          "9": 62,
          "10": 102,
          "11": 56
        },
        "losing": {
          "9": 41,
          "10": 107,
          "11": 62
        }
      },
      "hourly_win_rates": {
        "9": 60.19417475728155,
        "10": 48.803827751196174,
        "11": 47.45762711864407
      }
    }
  }
}