{
  "summary": {
    "total_trades": 441,
    "wins": 227,
    "losses": 214,
    "win_rate": 51.47392290249433
  },
  "win_features_avg": {
    "pre_volume_decreasing_ratio": 0.4581497797356828,
    "pre_min_volume_ratio": 0.3670479561340229,
    "pre_volume_std": 20781.507305777457,
    "pre_last_vs_avg_volume": 1.3030524120873386,
    "pre_price_consolidation_pct": 1.1690290257821758,
    "pre_support_stability": 0.3566371652577873,
    "pre_high_decreasing_ratio": 0.20704845814977973,
    "uptrend_price_gain_pct": 0.1019854630941256,
    "uptrend_avg_volume": 39295.25267463813,
    "uptrend_volume_trend": -0.1318193546090136,
    "volume_drop_ratio": 0.26940290430954483,
    "breakout_volume_vs_prev": 1.4334908990958775,
    "breakout_body_pct": 0.3287198741439146,
    "breakout_vs_prev_body": 1.131767184126129,
    "total_pattern_price_change": 1.0347095418139427,
    "breakout_vs_max_volume": 0.3624559794382501,
    "volume_ratio": 0.15484891443271362,
    "avg_volume": 34152.63700440528,
    "volume_std": 24193.873032394178,
    "is_bullish": 0.29515418502202645,
    "body_pct": 0.3286267141584059,
    "is_meaningful_body": 0.21145374449339208,
    "bisector_distance": 3.711764930544095,
    "price_change_10candles": 1.0198959724433736,
    "price_from_open": 8.585724484322148,
    "price_volatility": 0.5839328044630548,
    "distance_from_high": -0.904393830095279,
    "distance_from_low": 2.2341709514830703,
    "rsi": 60.005068876602905,
    "confidence": 75.0,
    "profit_pct": 2.905726872246696
  },
  "loss_features_avg": {
    "pre_volume_decreasing_ratio": 0.45210280373831774,
    "pre_min_volume_ratio": 0.35929470797296936,
    "pre_volume_std": 34362.42462647487,
    "pre_last_vs_avg_volume": 1.347365696663825,
    "pre_price_consolidation_pct": 1.3676170305064563,
    "pre_support_stability": 0.41190934512641225,
    "pre_high_decreasing_ratio": 0.22780373831775702,
    "uptrend_price_gain_pct": 0.06943415773454537,
    "uptrend_avg_volume": 46595.078104138855,
    "uptrend_volume_trend": -0.05259886837198887,
    "volume_drop_ratio": 0.26466450789265283,
    "breakout_volume_vs_prev": 1.2044234754346725,
    "breakout_body_pct": 0.46113874368660546,
    "breakout_vs_prev_body": 1.2989209416187377,
    "total_pattern_price_change": 0.9020221381602234,
    "breakout_vs_max_volume": 0.33991568345758416,
    "volume_ratio": 0.12867424007710873,
    "avg_volume": 45608.129439252334,
    "volume_std": 35346.62734077683,
    "is_bullish": 0.17757009345794392,
    "body_pct": 0.461170891916669,
    "is_meaningful_body": 0.308411214953271,
    "bisector_distance": 3.417241173512079,
    "price_change_10candles": 0.9412341901953641,
    "price_from_open": 8.475325801783704,
    "price_volatility": 0.6422532930618328,
    "distance_from_high": -1.171967120625373,
    "distance_from_low": 2.2426653052937215,
    "rsi": 56.86503052518194,
    "confidence": 75.0,
    "profit_pct": -2.2302803738317754
  },
  "timestamp": "20251101_135407"
}